{
  "logreg": {
    "accuracy": 0.8646288209606987,
    "f1": 0.8524192424552206
  },
  "rf": {
    "accuracy": 0.9170305676855895,
    "f1": 0.9111686172680679
  }
}